city,station_name,address,fuel_code,price,date
Ульяновск,Татнефть №540,"Ульяновская область, г. Ульяновск, проспект Олимпийский, 2",GAS,28.0,2025-12-07 22:31:15.080881
Ульяновск,Татнефть №540,"Ульяновская область, г. Ульяновск, проспект Олимпийский, 2",AI92,59.1,2025-12-07 22:31:15.080881
Ульяновск,Татнефть №540,"Ульяновская область, г. Ульяновск, проспект Олимпийский, 2",AI92PLUS,60.1,2025-12-07 22:31:15.080881
Ульяновск,Татнефть №540,"Ульяновская область, г. Ульяновск, проспект Олимпийский, 2",AI95,63.85,2025-12-07 22:31:15.080881
Ульяновск,Татнефть №540,"Ульяновская область, г. Ульяновск, проспект Олимпийский, 2",DIESEL,73.0,2025-12-07 22:31:15.080881
Чердаклинский район,ЛУКОЙЛ №73231,"Чердаклинский р-н, п. Мирный, ул. Димитровградская, 1В",AI95,66.54,2025-12-07 22:31:15.080881
Чердаклинский район,ЛУКОЙЛ №73231,"Чердаклинский р-н, п. Мирный, ул. Димитровградская, 1В",DIESEL,70.61,2025-12-07 22:31:15.080881
Чердаклинский район,ЛУКОЙЛ №73231,"Чердаклинский р-н, п. Мирный, ул. Димитровградская, 1В",GAS,28.19,2025-12-07 22:31:15.080881
Ульяновск,Татнефть №310,"Ульяновская область, г. Ульяновск, Московское шоссе, 92",AI92,59.1,2025-12-07 22:31:15.080881
Ульяновск,Татнефть №310,"Ульяновская область, г. Ульяновск, Московское шоссе, 92",AI92PLUS,60.1,2025-12-07 22:31:15.080881
Ульяновск,Татнефть №310,"Ульяновская область, г. Ульяновск, Московское шоссе, 92",AI95,63.85,2025-12-07 22:31:15.080881
Ульяновск,Татнефть №310,"Ульяновская область, г. Ульяновск, Московское шоссе, 92",DIESEL,73.0,2025-12-07 22:31:15.080881
Ульяновск,Татнефть №187,"Ульяновская область, г. Ульяновск, Дмитровградское шоссе, 79",GAS,28.0,2025-12-07 22:31:15.080881
Ульяновск,Татнефть №187,"Ульяновская область, г. Ульяновск, Дмитровградское шоссе, 79",AI92,59.1,2025-12-07 22:31:15.080881
Ульяновск,Татнефть №187,"Ульяновская область, г. Ульяновск, Дмитровградское шоссе, 79",AI95,63.85,2025-12-07 22:31:15.080881
Ульяновск,Татнефть №187,"Ульяновская область, г. Ульяновск, Дмитровградское шоссе, 79",DIESEL,73.0,2025-12-07 22:31:15.080881
Городской округ Ульяновск,Татнефть №301,"Ульяновская область, Ульяновский район, с. Карлинское, А151, справа",AI92,59.1,2025-12-07 22:31:15.080881
Городской округ Ульяновск,Татнефть №301,"Ульяновская область, Ульяновский район, с. Карлинское, А151, справа",AI95,63.85,2025-12-07 22:31:15.080881
Городской округ Ульяновск,Татнефть №301,"Ульяновская область, Ульяновский район, с. Карлинское, А151, справа",DIESEL,73.0,2025-12-07 22:31:15.080881
Ульяновск,Татнефть №241,"Ульяновская область, г. Ульяновск, ул. Рябикова, 132",GAS,28.0,2025-12-07 22:31:15.080881
Ульяновск,Татнефть №241,"Ульяновская область, г. Ульяновск, ул. Рябикова, 132",AI92,59.1,2025-12-07 22:31:15.080881
Ульяновск,Татнефть №241,"Ульяновская область, г. Ульяновск, ул. Рябикова, 132",AI92PLUS,60.1,2025-12-07 22:31:15.080881
Ульяновск,Татнефть №241,"Ульяновская область, г. Ульяновск, ул. Рябикова, 132",AI95,63.85,2025-12-07 22:31:15.080881
Ульяновск,Татнефть №241,"Ульяновская область, г. Ульяновск, ул. Рябикова, 132",DIESEL,73.0,2025-12-07 22:31:15.080881
Городской округ Ульяновск,Татнефть №300,"Ульяновская область, Ульяновский район, п. Плодовый, М5, справа",AI92,59.1,2025-12-07 22:31:15.080881
Городской округ Ульяновск,Татнефть №300,"Ульяновская область, Ульяновский район, п. Плодовый, М5, справа",AI95,63.85,2025-12-07 22:31:15.080881
Городской округ Ульяновск,Татнефть №300,"Ульяновская область, Ульяновский район, п. Плодовый, М5, справа",DIESEL,72.1,2025-12-07 22:31:15.080881
Димитровград,Татнефть №370,"Ульяновская область, г. Димитровград, Мулловское шоссе, 1Б",AI92,59.1,2025-12-07 22:31:15.080881
Димитровград,Татнефть №370,"Ульяновская область, г. Димитровград, Мулловское шоссе, 1Б",AI95,63.85,2025-12-07 22:31:15.080881
Димитровград,Татнефть №370,"Ульяновская область, г. Димитровград, Мулловское шоссе, 1Б",DIESEL,73.0,2025-12-07 22:31:15.080881
Ульяновск,Татнефть №601,"Ульяновская область, г. Ульяновск, Московское шоссе 32А",AI92,59.1,2025-12-07 22:31:15.080881
Ульяновск,Татнефть №601,"Ульяновская область, г. Ульяновск, Московское шоссе 32А",AI95,63.85,2025-12-07 22:31:15.080881
Ульяновск,Татнефть №601,"Ульяновская область, г. Ульяновск, Московское шоссе 32А",DIESEL,73.0,2025-12-07 22:31:15.080881
Ульяновск,Татнефть №344,"Ульяновская область, г. Ульяновск, ул. Октябрьская, 22в",GAS,28.0,2025-12-07 22:31:15.080881
Ульяновск,Татнефть №344,"Ульяновская область, г. Ульяновск, ул. Октябрьская, 22в",AI92,59.1,2025-12-07 22:31:15.080881
Ульяновск,Татнефть №344,"Ульяновская область, г. Ульяновск, ул. Октябрьская, 22в",AI92PLUS,61.1,2025-12-07 22:31:15.080881
Ульяновск,Татнефть №344,"Ульяновская область, г. Ульяновск, ул. Октябрьская, 22в",AI95,64.85,2025-12-07 22:31:15.080881
Ульяновск,Татнефть №344,"Ульяновская область, г. Ульяновск, ул. Октябрьская, 22в",DIESEL,74.0,2025-12-07 22:31:15.080881
Ульяновск,ЛУКОЙЛ №73238,"Московское ш., 16б, Ульяновск, Ульяновская обл., Россия, 432045",AI92,60.99,2025-12-07 22:31:15.080881
Ульяновск,ЛУКОЙЛ №73238,"Московское ш., 16б, Ульяновск, Ульяновская обл., Россия, 432045",AI95,64.99,2025-12-07 22:31:15.080881
Ульяновск,ЛУКОЙЛ №73238,"Московское ш., 16б, Ульяновск, Ульяновская обл., Россия, 432045",DIESEL,75.3,2025-12-07 22:31:15.080881
Ульяновск,ЛУКОЙЛ №73228,"г. Ульяновск, восточнее с. Баратаевка, а/д Ульяновск-Саранск",DIESEL,70.61,2025-12-07 22:31:15.080881
Ульяновск,ЛУКОЙЛ №73228,"г. Ульяновск, восточнее с. Баратаевка, а/д Ульяновск-Саранск",AI92,61.89,2025-12-07 22:31:15.080881
Ульяновск,ЛУКОЙЛ №73228,"г. Ульяновск, восточнее с. Баратаевка, а/д Ульяновск-Саранск",AI95,66.54,2025-12-07 22:31:15.080881
Ульяновск,ЛУКОЙЛ №73228,"г. Ульяновск, восточнее с. Баратаевка, а/д Ульяновск-Саранск",GAS,28.19,2025-12-07 22:31:15.080881
Ульяновск,Татнефть №250,"Ульяновская область, г. Ульяновск, проспект Туполева, 19",AI92,59.1,2025-12-07 22:31:15.080881
Ульяновск,Татнефть №250,"Ульяновская область, г. Ульяновск, проспект Туполева, 19",AI92PLUS,60.1,2025-12-07 22:31:15.080881
Ульяновск,Татнефть №250,"Ульяновская область, г. Ульяновск, проспект Туполева, 19",AI95,63.85,2025-12-07 22:31:15.080881
Ульяновск,Татнефть №250,"Ульяновская область, г. Ульяновск, проспект Туполева, 19",DIESEL,73.0,2025-12-07 22:31:15.080881
Ульяновск,ЛУКОЙЛ №73244,"г. Ульяновск, Димитровградское ш., 7",AI92,61.89,2025-12-07 22:31:15.080881
Ульяновск,ЛУКОЙЛ №73244,"г. Ульяновск, Димитровградское ш., 7",AI95,66.54,2025-12-07 22:31:15.080881
Ульяновск,ЛУКОЙЛ №73244,"г. Ульяновск, Димитровградское ш., 7",DIESEL,71.75,2025-12-07 22:31:15.080881
Ульяновск,ЛУКОЙЛ №73244,"г. Ульяновск, Димитровградское ш., 7",GAS,28.19,2025-12-07 22:31:15.080881
Городской округ Ульяновск,Татнефть №563,"Ульяновская область, г. Ульяновск, проспект Нариманова, 111",GAS,28.0,2025-12-07 22:31:15.080881
Городской округ Ульяновск,Татнефть №563,"Ульяновская область, г. Ульяновск, проспект Нариманова, 111",AI92,59.1,2025-12-07 22:31:15.080881
Городской округ Ульяновск,Татнефть №563,"Ульяновская область, г. Ульяновск, проспект Нариманова, 111",AI92PLUS,60.1,2025-12-07 22:31:15.080881
Городской округ Ульяновск,Татнефть №563,"Ульяновская область, г. Ульяновск, проспект Нариманова, 111",AI95,63.85,2025-12-07 22:31:15.080881
Городской округ Ульяновск,Татнефть №563,"Ульяновская область, г. Ульяновск, проспект Нариманова, 111",DIESEL,73.0,2025-12-07 22:31:15.080881
Ульяновск,Татнефть №256,"Ульяновская область, г. Ульяновск, проспект Гая, 69Б",GAS,28.0,2025-12-07 22:31:15.080881
Ульяновск,Татнефть №256,"Ульяновская область, г. Ульяновск, проспект Гая, 69Б",AI92,59.1,2025-12-07 22:31:15.080881
Ульяновск,Татнефть №256,"Ульяновская область, г. Ульяновск, проспект Гая, 69Б",AI95,63.85,2025-12-07 22:31:15.080881
Ульяновск,Татнефть №256,"Ульяновская область, г. Ульяновск, проспект Гая, 69Б",DIESEL,73.0,2025-12-07 22:31:15.080881
Димитровград,Татнефть-АЗС-Северо-Запад,"Мулловское ш., 1б, Димитровград, Ульяновская обл., Россия, 433507",AI92,59.1,2025-12-07 22:31:15.080881
Димитровград,Татнефть-АЗС-Северо-Запад,"Мулловское ш., 1б, Димитровград, Ульяновская обл., Россия, 433507",AI95,63.85,2025-12-07 22:31:15.080881
Димитровград,Татнефть-АЗС-Северо-Запад,"Мулловское ш., 1б, Димитровград, Ульяновская обл., Россия, 433507",DIESEL,73.0,2025-12-07 22:31:15.080881
Городской округ Ульяновск,Татнефть-АЗС-Северо-Запад,"пр. Нариманова, 111, Ульяновск, Ульяновская обл., Россия, 432030",AI92,59.1,2025-12-07 22:31:15.080881
Городской округ Ульяновск,Татнефть-АЗС-Северо-Запад,"пр. Нариманова, 111, Ульяновск, Ульяновская обл., Россия, 432030",AI92PLUS,60.1,2025-12-07 22:31:15.080881
Городской округ Ульяновск,Татнефть-АЗС-Северо-Запад,"пр. Нариманова, 111, Ульяновск, Ульяновская обл., Россия, 432030",AI95,63.85,2025-12-07 22:31:15.080881
Городской округ Ульяновск,Татнефть-АЗС-Северо-Запад,"пр. Нариманова, 111, Ульяновск, Ульяновская обл., Россия, 432030",DIESEL,73.0,2025-12-07 22:31:15.080881
Городской округ Ульяновск,Татнефть-АЗС-Северо-Запад,"пр. Нариманова, 111, Ульяновск, Ульяновская обл., Россия, 432030",GAS,28.0,2025-12-07 22:31:15.080881
Ульяновск,Татнефть-АЗС-Северо-Запад,"пр. Туполева, 19, Ульяновск, Ульяновская обл., Россия, 432072",AI92,59.1,2025-12-07 22:31:15.080881
Ульяновск,Татнефть-АЗС-Северо-Запад,"пр. Туполева, 19, Ульяновск, Ульяновская обл., Россия, 432072",AI92PLUS,60.1,2025-12-07 22:31:15.080881
Ульяновск,Татнефть-АЗС-Северо-Запад,"пр. Туполева, 19, Ульяновск, Ульяновская обл., Россия, 432072",AI95,63.85,2025-12-07 22:31:15.080881
Ульяновск,Татнефть-АЗС-Северо-Запад,"пр. Туполева, 19, Ульяновск, Ульяновская обл., Россия, 432072",DIESEL,73.0,2025-12-07 22:31:15.080881
Ульяновск,Газпромнефть,"Ульяновская обл., Чердаклинский р-н, с/о Алексеевский, 1 км а/д Ульяновск-Архангельское, АЗС №6",AI92,59.1,2025-12-07 22:31:15.080881
Ульяновск,Газпромнефть,"Ульяновская обл., Чердаклинский р-н, с/о Алексеевский, 1 км а/д Ульяновск-Архангельское, АЗС №6",DIESEL,72.0,2025-12-07 22:31:15.080881
Новоспасский район,Татнефть,"р.п. Новоспасское, ул. Заводская, 2А",AI92,60.7,2025-12-07 22:31:15.080881
Новоспасский район,Татнефть,"р.п. Новоспасское, ул. Заводская, 2А",AI95,64.9,2025-12-07 22:31:15.080881
Новоспасский район,Татнефть,"р.п. Новоспасское, ул. Заводская, 2А",DIESEL,74.5,2025-12-07 22:31:15.080881
Ульяновск,Татнефть-АЗС-Северо-Запад,"Московское ш., 9, Ульяновск, Ульяновская обл., Россия, 432045",AI92,59.1,2025-12-07 22:31:15.080881
Ульяновск,Татнефть-АЗС-Северо-Запад,"Московское ш., 9, Ульяновск, Ульяновская обл., Россия, 432045",AI95,63.85,2025-12-07 22:31:15.080881
Ульяновск,Татнефть-АЗС-Северо-Запад,"Московское ш., 9, Ульяновск, Ульяновская обл., Россия, 432045",DIESEL,73.0,2025-12-07 22:31:15.080881
Городской округ Ульяновск,Татнефть,"а 432000, пр. Нариманова, 120, Ульяновск, Ульяновская обл., Россия, 432030",AI92,59.1,2025-12-07 22:31:15.080881
Городской округ Ульяновск,Татнефть,"а 432000, пр. Нариманова, 120, Ульяновск, Ульяновская обл., Россия, 432030",AI92PLUS,60.1,2025-12-07 22:31:15.080881
Городской округ Ульяновск,Татнефть,"а 432000, пр. Нариманова, 120, Ульяновск, Ульяновская обл., Россия, 432030",AI95,63.85,2025-12-07 22:31:15.080881
Городской округ Ульяновск,Татнефть,"а 432000, пр. Нариманова, 120, Ульяновск, Ульяновская обл., Россия, 432030",DIESEL,73.0,2025-12-07 22:31:15.080881
Димитровград,Татнефть,"ул. Автостроителей, 118, Димитровград, Ульяновская обл., Россия, 433504",GAS,28.0,2025-12-07 22:31:15.080881
Димитровград,Татнефть,"ул. Автостроителей, 118, Димитровград, Ульяновская обл., Россия, 433504",AI92,59.1,2025-12-07 22:31:15.080881
Димитровград,Татнефть,"ул. Автостроителей, 118, Димитровград, Ульяновская обл., Россия, 433504",AI95,63.85,2025-12-07 22:31:15.080881
Димитровград,Татнефть,"ул. Автостроителей, 118, Димитровград, Ульяновская обл., Россия, 433504",DIESEL,73.0,2025-12-07 22:31:15.080881
Мелекесский район,Татнефть,"Новая ул., 2/1, пгт Новая Майна, Ульяновская обл., Россия, 433556",AI92,59.1,2025-12-07 22:31:15.080881
Мелекесский район,Татнефть,"Новая ул., 2/1, пгт Новая Майна, Ульяновская обл., Россия, 433556",AI92PLUS,60.1,2025-12-07 22:31:15.080881
Мелекесский район,Татнефть,"Новая ул., 2/1, пгт Новая Майна, Ульяновская обл., Россия, 433556",AI95,63.85,2025-12-07 22:31:15.080881
Мелекесский район,Татнефть,"Новая ул., 2/1, пгт Новая Майна, Ульяновская обл., Россия, 433556",DIESEL,70.15,2025-12-07 22:31:15.080881
Ульяновск,Татнефть-АЗС-Северо-Запад,ул. Рябикова 132,AI92,59.1,2025-12-07 22:31:15.080881
Ульяновск,Татнефть-АЗС-Северо-Запад,ул. Рябикова 132,AI92PLUS,60.1,2025-12-07 22:31:15.080881
Ульяновск,Татнефть-АЗС-Северо-Запад,ул. Рябикова 132,AI95,63.85,2025-12-07 22:31:15.080881
Ульяновск,Татнефть-АЗС-Северо-Запад,ул. Рябикова 132,DIESEL,73.0,2025-12-07 22:31:15.080881
Ульяновск,Татнефть-АЗС-Северо-Запад,ул. Рябикова 132,GAS,28.0,2025-12-07 22:31:15.080881
Ульяновск,Татнефть,"Ключевая ул., 4, Ульяновск, Ульяновская обл., Россия, 433320",GAS,28.0,2025-12-07 22:31:15.080881
Ульяновск,Татнефть,"Ключевая ул., 4, Ульяновск, Ульяновская обл., Россия, 433320",AI92,59.1,2025-12-07 22:31:15.080881
Ульяновск,Татнефть,"Ключевая ул., 4, Ульяновск, Ульяновская обл., Россия, 433320",AI92PLUS,60.1,2025-12-07 22:31:15.080881
Ульяновск,Татнефть,"Ключевая ул., 4, Ульяновск, Ульяновская обл., Россия, 433320",AI95,63.85,2025-12-07 22:31:15.080881
Ульяновск,Татнефть,"Ключевая ул., 4, Ульяновск, Ульяновская обл., Россия, 433320",DIESEL,73.0,2025-12-07 22:31:15.080881
Городской округ Ульяновск,Татнефть,"Р178, Ульяновск, Ульяновская обл., Россия, 433325",GAS,28.0,2025-12-07 22:31:15.080881
Городской округ Ульяновск,Татнефть,"Р178, Ульяновск, Ульяновская обл., Россия, 433325",AI92,59.1,2025-12-07 22:31:15.080881
Городской округ Ульяновск,Татнефть,"Р178, Ульяновск, Ульяновская обл., Россия, 433325",AI95,63.85,2025-12-07 22:31:15.080881
Городской округ Ульяновск,Татнефть,"Р178, Ульяновск, Ульяновская обл., Россия, 433325",DIESEL,73.0,2025-12-07 22:31:15.080881
Городской округ Ульяновск,Татнефть-АЗС-Северо-Запад,"пр-кт Нариманова, 120А",GAS,28.0,2025-12-07 22:31:15.080881
Городской округ Ульяновск,Татнефть-АЗС-Северо-Запад,"пр-кт Нариманова, 120А",AI92,59.1,2025-12-07 22:31:15.080881
Городской округ Ульяновск,Татнефть-АЗС-Северо-Запад,"пр-кт Нариманова, 120А",AI92PLUS,60.1,2025-12-07 22:31:15.080881
Городской округ Ульяновск,Татнефть-АЗС-Северо-Запад,"пр-кт Нариманова, 120А",AI95,63.85,2025-12-07 22:31:15.080881
Городской округ Ульяновск,Татнефть-АЗС-Северо-Запад,"пр-кт Нариманова, 120А",DIESEL,73.0,2025-12-07 22:31:15.080881
Ульяновск,Татнефть-АЗС-Северо-Запад,"Московское ш., 1Е, Ульяновск, Ульяновская обл., Россия, 432005",AI92,59.1,2025-12-07 22:31:15.080881
Ульяновск,Татнефть-АЗС-Северо-Запад,"Московское ш., 1Е, Ульяновск, Ульяновская обл., Россия, 432005",AI95,63.85,2025-12-07 22:31:15.080881
Ульяновск,Татнефть-АЗС-Северо-Запад,"Московское ш., 1Е, Ульяновск, Ульяновская обл., Россия, 432005",DIESEL,73.0,2025-12-07 22:31:15.080881
Ульяновск,Татнефть-АЗС-Северо-Запад,"улица 432006, Локомотивная ул., 17б, Ульяновск, Ульяновская обл., Россия, 432006",AI92,59.1,2025-12-07 22:31:15.080881
Ульяновск,Татнефть-АЗС-Северо-Запад,"улица 432006, Локомотивная ул., 17б, Ульяновск, Ульяновская обл., Россия, 432006",AI92PLUS,60.1,2025-12-07 22:31:15.080881
Ульяновск,Татнефть-АЗС-Северо-Запад,"улица 432006, Локомотивная ул., 17б, Ульяновск, Ульяновская обл., Россия, 432006",AI95,63.85,2025-12-07 22:31:15.080881
Ульяновск,Татнефть-АЗС-Северо-Запад,"улица 432006, Локомотивная ул., 17б, Ульяновск, Ульяновская обл., Россия, 432006",DIESEL,73.0,2025-12-07 22:31:15.080881
Мелекесский район,Татнефть-АЗС-Северо-Запад,ш. Тольятинское,AI92,59.1,2025-12-07 22:31:15.080881
Мелекесский район,Татнефть-АЗС-Северо-Запад,ш. Тольятинское,AI92PLUS,60.1,2025-12-07 22:31:15.080881
Мелекесский район,Татнефть-АЗС-Северо-Запад,ш. Тольятинское,AI95,63.85,2025-12-07 22:31:15.080881
Мелекесский район,Татнефть-АЗС-Северо-Запад,ш. Тольятинское,DIESEL,70.15,2025-12-07 22:31:15.080881
Николаевский район,Татнефть,"М-5 Урал, 794-й километр, слева, Николаевский район, Ульяновская область",DIESEL,70.15,2025-12-07 22:31:15.080881
Николаевский район,Татнефть,"М-5 Урал, 794-й километр, слева, Николаевский район, Ульяновская область",GAS,27.0,2025-12-07 22:31:15.080881
Николаевский район,Татнефть,"М-5 Урал, 794-й километр, слева, Николаевский район, Ульяновская область",AI92,59.1,2025-12-07 22:31:15.080881
Николаевский район,Татнефть,"М-5 Урал, 794-й километр, слева, Николаевский район, Ульяновская область",AI92PLUS,60.1,2025-12-07 22:31:15.080881
Николаевский район,Татнефть,"М-5 Урал, 794-й километр, слева, Николаевский район, Ульяновская область",AI95,63.85,2025-12-07 22:31:15.080881
Ульяновск,Татнефть №256 (Ульяновский ф-л),"просп. Гая, 69б, Ульяновск, Ульяновская обл., Россия, 432023",AI92,59.1,2025-12-07 22:31:15.080881
Ульяновск,Татнефть №256 (Ульяновский ф-л),"просп. Гая, 69б, Ульяновск, Ульяновская обл., Россия, 432023",AI95,63.85,2025-12-07 22:31:15.080881
Ульяновск,Татнефть №256 (Ульяновский ф-л),"просп. Гая, 69б, Ульяновск, Ульяновская обл., Россия, 432023",DIESEL,73.0,2025-12-07 22:31:15.080881
Ульяновск,Татнефть №256 (Ульяновский ф-л),"просп. Гая, 69б, Ульяновск, Ульяновская обл., Россия, 432023",GAS,28.0,2025-12-07 22:31:15.080881
Ульяновск,Татнефть №310 (Ульяновский ф-л),"Московское ш., 92 строение 4, Ульяновск, Ульяновская обл., Россия, 432034",AI92,59.1,2025-12-07 22:31:15.080881
Ульяновск,Татнефть №310 (Ульяновский ф-л),"Московское ш., 92 строение 4, Ульяновск, Ульяновская обл., Россия, 432034",AI92PLUS,60.1,2025-12-07 22:31:15.080881
Ульяновск,Татнефть №310 (Ульяновский ф-л),"Московское ш., 92 строение 4, Ульяновск, Ульяновская обл., Россия, 432034",AI95,63.85,2025-12-07 22:31:15.080881
Ульяновск,Татнефть №310 (Ульяновский ф-л),"Московское ш., 92 строение 4, Ульяновск, Ульяновская обл., Россия, 432034",DIESEL,73.0,2025-12-07 22:31:15.080881
Димитровград,ТАТНЕФТЬ АЗС №373,"Ульяновская обл., Димитровград г., Алтайская ул., 40",AI92,58.9,2025-12-07 22:31:15.080881
Димитровград,ТАТНЕФТЬ АЗС №373,"Ульяновская обл., Димитровград г., Алтайская ул., 40",AI95,62.9,2025-12-07 22:31:15.080881
Димитровград,ТАТНЕФТЬ АЗС №373,"Ульяновская обл., Димитровград г., Алтайская ул., 40",DIESEL,68.5,2025-12-07 22:31:15.080881
Димитровград,ТАТНЕФТЬ АЗС №372,"Ульяновская обл., Димитровград г., Гвардейская ул., 47Б",AI92,66.5,2025-12-07 22:31:15.080881
Димитровград,ТАТНЕФТЬ АЗС №372,"Ульяновская обл., Димитровград г., Гвардейская ул., 47Б",AI95,68.7,2025-12-07 22:31:15.080881
Димитровград,ТАТНЕФТЬ АЗС №372,"Ульяновская обл., Димитровград г., Гвардейская ул., 47Б",DIESEL,71.5,2025-12-07 22:31:15.080881
Новоспасский район,Газпромнефть,"р.п. Новоспасское, ул. Заводская, 2А",AI92,58.7,2025-12-07 22:31:15.080881
Новоспасский район,Газпромнефть,"р.п. Новоспасское, ул. Заводская, 2А",AI95,63.2,2025-12-07 22:31:15.080881
Новоспасский район,Газпромнефть,"р.п. Новоспасское, ул. Заводская, 2А",DIESEL,70.8,2025-12-07 22:31:15.080881
Ульяновск,Татнефть,"пр. Созидателей, 35, лит. А, Ульяновск, Ульяновская обл., Россия, 432072",AI92,59.1,2025-12-07 22:31:15.080881
Ульяновск,Татнефть,"пр. Созидателей, 35, лит. А, Ульяновск, Ульяновская обл., Россия, 432072",AI95,63.85,2025-12-07 22:31:15.080881
Ульяновск,Татнефть,"пр. Созидателей, 35, лит. А, Ульяновск, Ульяновская обл., Россия, 432072",DIESEL,73.0,2025-12-07 22:31:15.080881
Ульяновск,Татнефть,"пр. Созидателей, 35, лит. А, Ульяновск, Ульяновская обл., Россия, 432072",GAS,28.0,2025-12-07 22:31:15.080881
Димитровград,Татнефть,"ул. Куйбышева, 334, Димитровград, Ульяновская обл., Россия, 433511",AI92,59.1,2025-12-07 22:31:15.080881
Димитровград,Татнефть,"ул. Куйбышева, 334, Димитровград, Ульяновская обл., Россия, 433511",AI95,63.85,2025-12-07 22:31:15.080881
Димитровград,Татнефть,"ул. Куйбышева, 334, Димитровград, Ульяновская обл., Россия, 433511",DIESEL,70.15,2025-12-07 22:31:15.080881
Ульяновск,Татнефть,"пр. Созидателей, 7, Ульяновск, Ульяновская обл., Россия, 432063",GAS,28.0,2025-12-07 22:31:15.080881
Ульяновск,Татнефть,"пр. Созидателей, 7, Ульяновск, Ульяновская обл., Россия, 432063",AI92,59.1,2025-12-07 22:31:15.080881
Ульяновск,Татнефть,"пр. Созидателей, 7, Ульяновск, Ульяновская обл., Россия, 432063",AI92PLUS,60.1,2025-12-07 22:31:15.080881
Ульяновск,Татнефть,"пр. Созидателей, 7, Ульяновск, Ульяновская обл., Россия, 432063",AI95,63.85,2025-12-07 22:31:15.080881
Ульяновск,Татнефть,"пр. Созидателей, 7, Ульяновск, Ульяновская обл., Россия, 432063",DIESEL,73.0,2025-12-07 22:31:15.080881
Тереньгульский район,Татнефть,"P942+XQ Тереньга, Ульяновская область, Россия",AI92,59.1,2025-12-07 22:31:15.080881
Тереньгульский район,Татнефть,"P942+XQ Тереньга, Ульяновская область, Россия",AI95,63.85,2025-12-07 22:31:15.080881
Тереньгульский район,Татнефть,"P942+XQ Тереньга, Ульяновская область, Россия",DIESEL,73.0,2025-12-07 22:31:15.080881
Николаевский район,Роснефть РН-Карт,"Ульяновская область, Николаевский район, поселок Вязовой",AI92,59.14,2025-12-07 22:31:15.080881
Николаевский район,Роснефть РН-Карт,"Ульяновская область, Николаевский район, поселок Вязовой",AI95,66.39,2025-12-07 22:31:15.080881
Николаевский район,Роснефть РН-Карт,"Ульяновская область, Николаевский район, поселок Вязовой",DIESEL,70.58,2025-12-07 22:31:15.080881
Майнский район,Роснефть РН-Карт,"Ульяновская обл., Майнский р-н, Р178, 195 км, слева, перед поворотом на село Юшанское",AI92,59.14,2025-12-07 22:31:15.080881
Майнский район,Роснефть РН-Карт,"Ульяновская обл., Майнский р-н, Р178, 195 км, слева, перед поворотом на село Юшанское",AI95,66.39,2025-12-07 22:31:15.080881
Майнский район,Роснефть РН-Карт,"Ульяновская обл., Майнский р-н, Р178, 195 км, слева, перед поворотом на село Юшанское",DIESEL,71.03,2025-12-07 22:31:15.080881
Радищевский район,УЦГ №007,"162 км Новоспасское-Старая Кулатка, Ульяновская обл., Радищевский р-н, п.Радищево, АЗС №7",AI92,59.09,2025-12-07 22:31:15.080881
Радищевский район,УЦГ №007,"162 км Новоспасское-Старая Кулатка, Ульяновская обл., Радищевский р-н, п.Радищево, АЗС №7",AI95,63.99,2025-12-07 22:31:15.080881
Радищевский район,УЦГ №007,"162 км Новоспасское-Старая Кулатка, Ульяновская обл., Радищевский р-н, п.Радищево, АЗС №7",DIESEL,71.99,2025-12-07 22:31:15.080881
Радищевский район,УЦГ №007,"162 км Новоспасское-Старая Кулатка, Ульяновская обл., Радищевский р-н, п.Радищево, АЗС №7",GAS,21.5,2025-12-07 22:31:15.080881
Ульяновск,Роснефть РН-Карт,"6-й Инженерный пр-д, 25а, Ульяновск, Ульяновская обл., Россия, 432072",AI92,59.14,2025-12-07 22:31:15.080881
Ульяновск,Роснефть РН-Карт,"6-й Инженерный пр-д, 25а, Ульяновск, Ульяновская обл., Россия, 432072",AI95,66.39,2025-12-07 22:31:15.080881
Ульяновск,Роснефть РН-Карт,"6-й Инженерный пр-д, 25а, Ульяновск, Ульяновская обл., Россия, 432072",DIESEL,71.03,2025-12-07 22:31:15.080881
Ульяновск,Роснефть РН-Карт,"6-й Инженерный пр-д, 25а, Ульяновск, Ульяновская обл., Россия, 432072",GAS,28.09,2025-12-07 22:31:15.080881
Димитровград,Роснефть РН-Карт,"ул. Льва Толстого, 96, Димитровград, Ульяновская обл., Россия, 433502",AI92,59.14,2025-12-07 22:31:15.080881
Димитровград,Роснефть РН-Карт,"ул. Льва Толстого, 96, Димитровград, Ульяновская обл., Россия, 433502",AI95,66.39,2025-12-07 22:31:15.080881
Димитровград,Роснефть РН-Карт,"ул. Льва Толстого, 96, Димитровград, Ульяновская обл., Россия, 433502",DIESEL,71.03,2025-12-07 22:31:15.080881
Новомалыклинский район,Роснефть РН-Карт,"Ульяновская обл., Новомалыклинский р-н, с. Высокий Колок, Р178, 127 км, справа",AI92,59.14,2025-12-07 22:31:15.080881
Новомалыклинский район,Роснефть РН-Карт,"Ульяновская обл., Новомалыклинский р-н, с. Высокий Колок, Р178, 127 км, справа",AI95,66.39,2025-12-07 22:31:15.080881
Новомалыклинский район,Роснефть РН-Карт,"Ульяновская обл., Новомалыклинский р-н, с. Высокий Колок, Р178, 127 км, справа",DIESEL,70.58,2025-12-07 22:31:15.080881
Новомалыклинский район,Роснефть РН-Карт,"Ульяновская обл., Новомалыклинский р-н, с. Высокий Колок, Р178, 127 км, справа",GAS,28.09,2025-12-07 22:31:15.080881
Ульяновск,Роснефть РН-Карт,"Азовская ул., 76, Ульяновск, Ульяновская обл., Россия, 432061",AI92,59.14,2025-12-07 22:31:15.080881
Ульяновск,Роснефть РН-Карт,"Азовская ул., 76, Ульяновск, Ульяновская обл., Россия, 432061",AI95,66.39,2025-12-07 22:31:15.080881
Ульяновск,Роснефть РН-Карт,"Азовская ул., 76, Ульяновск, Ульяновская обл., Россия, 432061",DIESEL,71.03,2025-12-07 22:31:15.080881
Ульяновск,Роснефть РН-Карт,"ул. Автомобилистов, 1, Ульяновск, Ульяновская обл., Россия, 432035",AI92,59.14,2025-12-07 22:31:15.080881
Ульяновск,Роснефть РН-Карт,"ул. Автомобилистов, 1, Ульяновск, Ульяновская обл., Россия, 432035",AI95,66.39,2025-12-07 22:31:15.080881
Ульяновск,Роснефть РН-Карт,"ул. Автомобилистов, 1, Ульяновск, Ульяновская обл., Россия, 432035",DIESEL,71.03,2025-12-07 22:31:15.080881
Мелекесский район,Роснефть РН-Карт,"Р178, Мулловка, Ульяновская обл., Россия, 433550",AI92,59.14,2025-12-07 22:31:15.080881
Мелекесский район,Роснефть РН-Карт,"Р178, Мулловка, Ульяновская обл., Россия, 433550",AI95,63.89,2025-12-07 22:31:15.080881
Мелекесский район,Роснефть РН-Карт,"Р178, Мулловка, Ульяновская обл., Россия, 433550",DIESEL,71.03,2025-12-07 22:31:15.080881
Мелекесский район,Роснефть РН-Карт,"Р178, Мулловка, Ульяновская обл., Россия, 433550",GAS,28.09,2025-12-07 22:31:15.080881
Димитровград,Роснефть РН-Карт,"ул. Куйбышева, 229, Димитровград, Ульяновская обл., Россия, 433508",AI92,59.14,2025-12-07 22:31:15.080881
Димитровград,Роснефть РН-Карт,"ул. Куйбышева, 229, Димитровград, Ульяновская обл., Россия, 433508",AI95,63.89,2025-12-07 22:31:15.080881
Димитровград,Роснефть РН-Карт,"ул. Куйбышева, 229, Димитровград, Ульяновская обл., Россия, 433508",DIESEL,71.03,2025-12-07 22:31:15.080881
Димитровград,Роснефть РН-Карт,"ул. Куйбышева, 229, Димитровград, Ульяновская обл., Россия, 433508",GAS,28.09,2025-12-07 22:31:15.080881
Барышский район,Роснефть РН-Карт,"Ульяновская обл., Барышский р-н, с. Большая Силаевка, а/д Барыш - Ульяновск, слева",AI92,59.14,2025-12-07 22:31:15.080881
Барышский район,Роснефть РН-Карт,"Ульяновская обл., Барышский р-н, с. Большая Силаевка, а/д Барыш - Ульяновск, слева",AI95,63.89,2025-12-07 22:31:15.080881
Барышский район,Роснефть РН-Карт,"Ульяновская обл., Барышский р-н, с. Большая Силаевка, а/д Барыш - Ульяновск, слева",DIESEL,71.03,2025-12-07 22:31:15.080881
Сурский район,Роснефть РН-Карт,"Ульяновская обл., Сурский р-н, с. Гулюшево, Р178, 98 км, слева",AI92,59.14,2025-12-07 22:31:15.080881
Сурский район,Роснефть РН-Карт,"Ульяновская обл., Сурский р-н, с. Гулюшево, Р178, 98 км, слева",AI95,66.39,2025-12-07 22:31:15.080881
Сурский район,Роснефть РН-Карт,"Ульяновская обл., Сурский р-н, с. Гулюшево, Р178, 98 км, слева",DIESEL,71.03,2025-12-07 22:31:15.080881
Тагай,Роснефть РН-Карт,"Р178, Подлесное, Ульяновская обл., Россия, 433140",AI92,59.14,2025-12-07 22:31:15.080881
Тагай,Роснефть РН-Карт,"Р178, Подлесное, Ульяновская обл., Россия, 433140",AI95,66.39,2025-12-07 22:31:15.080881
Тагай,Роснефть РН-Карт,"Р178, Подлесное, Ульяновская обл., Россия, 433140",DIESEL,71.03,2025-12-07 22:31:15.080881
Марьевка,Роснефть РН-Карт,"Р241, Цильна, Ульяновская обл., Россия, 433600",AI92,59.14,2025-12-07 22:31:15.080881
Марьевка,Роснефть РН-Карт,"Р241, Цильна, Ульяновская обл., Россия, 433600",AI95,66.39,2025-12-07 22:31:15.080881
Марьевка,Роснефть РН-Карт,"Р241, Цильна, Ульяновская обл., Россия, 433600",DIESEL,71.03,2025-12-07 22:31:15.080881
Карсунский район,Роснефть РН-Карт,"Ульяновская область, Ульяновская обл., Карсунский р-он, село Усть Урень",AI92,59.14,2025-12-07 22:31:15.080881
Карсунский район,Роснефть РН-Карт,"Ульяновская область, Ульяновская обл., Карсунский р-он, село Усть Урень",AI95,66.39,2025-12-07 22:31:15.080881
Карсунский район,Роснефть РН-Карт,"Ульяновская область, Ульяновская обл., Карсунский р-он, село Усть Урень",DIESEL,71.03,2025-12-07 22:31:15.080881
Ульяновск,Роснефть РН-Карт,"ул. Автомобилистов, 4, Ульяновск, Ульяновская обл., Россия, 432035",AI92,59.14,2025-12-07 22:31:15.080881
Ульяновск,Роснефть РН-Карт,"ул. Автомобилистов, 4, Ульяновск, Ульяновская обл., Россия, 432035",AI95,66.39,2025-12-07 22:31:15.080881
Ульяновск,Роснефть РН-Карт,"ул. Автомобилистов, 4, Ульяновск, Ульяновская обл., Россия, 432035",DIESEL,71.03,2025-12-07 22:31:15.080881
Инза,Роснефть РН-Карт,"Вокзальная ул., 6, Инза, Ульяновская обл., Россия, 433031",AI92,59.14,2025-12-07 22:31:15.080881
Инза,Роснефть РН-Карт,"Вокзальная ул., 6, Инза, Ульяновская обл., Россия, 433031",AI95,63.89,2025-12-07 22:31:15.080881
Инза,Роснефть РН-Карт,"Вокзальная ул., 6, Инза, Ульяновская обл., Россия, 433031",DIESEL,71.03,2025-12-07 22:31:15.080881
Инза,Роснефть РН-Карт,"Вокзальная ул., 6, Инза, Ульяновская обл., Россия, 433031",GAS,28.09,2025-12-07 22:31:15.080881
Ульяновск,Роснефть РН-Карт,"Промышленная ул., 54, Ульяновск, Ульяновская обл., Россия, 432013",AI92,59.14,2025-12-07 22:31:15.080881
Ульяновск,Роснефть РН-Карт,"Промышленная ул., 54, Ульяновск, Ульяновская обл., Россия, 432013",AI95,66.39,2025-12-07 22:31:15.080881
Ульяновск,Роснефть РН-Карт,"Промышленная ул., 54, Ульяновск, Ульяновская обл., Россия, 432013",DIESEL,71.03,2025-12-07 22:31:15.080881
Ульяновск,УЦГ №№ 11м,"г. Ульяновск, ул. Димитрова 14",AI95,63.99,2025-12-07 22:31:15.080881
Ульяновск,УЦГ №№ 11м,"г. Ульяновск, ул. Димитрова 14",AI92,62.89,2025-12-07 22:31:15.080881
Ульяновск,УЦГ №№ 11м,"г. Ульяновск, ул. Димитрова 14",DIESEL,71.99,2025-12-07 22:31:15.080881
Ульяновск,УЦГ №№ 11м,"г. Ульяновск, ул. Димитрова 14",GAS,24.0,2025-12-07 22:31:15.080881
Ульяновск,Роснефть РН-Карт,"М-5, подъезд к Ульяновску, 200-й километр, 5, Засвияжский район, слева",AI92,59.15,2025-12-07 22:31:15.080881
Ульяновск,Роснефть РН-Карт,"М-5, подъезд к Ульяновску, 200-й километр, 5, Засвияжский район, слева",AI95,63.9,2025-12-07 22:31:15.080881
Ульяновск,Роснефть РН-Карт,"М-5, подъезд к Ульяновску, 200-й километр, 5, Засвияжский район, слева",DIESEL,71.05,2025-12-07 22:31:15.080881
Новоспасский район,Роснефть РН-Карт,"Ульяновская обл., Новоспасский р-н, п. Новоспасское, М5, 840 км + 900 м, справа",AI92,59.14,2025-12-07 22:31:15.080881
Новоспасский район,Роснефть РН-Карт,"Ульяновская обл., Новоспасский р-н, п. Новоспасское, М5, 840 км + 900 м, справа",AI95,66.39,2025-12-07 22:31:15.080881
Новоспасский район,Роснефть РН-Карт,"Ульяновская обл., Новоспасский р-н, п. Новоспасское, М5, 840 км + 900 м, справа",DIESEL,70.58,2025-12-07 22:31:15.080881
Цильнинский район,Роснефть РН-Карт,"А151, Старые Алгаши, Ульяновская обл., Россия, 433648",AI92,59.15,2025-12-07 22:31:15.080881
Цильнинский район,Роснефть РН-Карт,"А151, Старые Алгаши, Ульяновская обл., Россия, 433648",AI95,63.9,2025-12-07 22:31:15.080881
Цильнинский район,Роснефть РН-Карт,"А151, Старые Алгаши, Ульяновская обл., Россия, 433648",DIESEL,71.05,2025-12-07 22:31:15.080881
Ульяновский район,Роснефть РН-Карт,"Ульяновский район, п.Большие Ключищи, а/д Ульяновск-Сызрань, справа",AI92,59.14,2025-12-07 22:31:15.080881
Ульяновский район,Роснефть РН-Карт,"Ульяновский район, п.Большие Ключищи, а/д Ульяновск-Сызрань, справа",AI95,66.39,2025-12-07 22:31:15.080881
Ульяновский район,Роснефть РН-Карт,"Ульяновский район, п.Большие Ключищи, а/д Ульяновск-Сызрань, справа",DIESEL,71.03,2025-12-07 22:31:15.080881
Чердаклинский район,Роснефть РН-Карт,"Советская ул., 1, Чердаклы, Ульяновская обл., Россия, 433400",AI92,59.14,2025-12-07 22:31:15.080881
Чердаклинский район,Роснефть РН-Карт,"Советская ул., 1, Чердаклы, Ульяновская обл., Россия, 433400",AI95,66.39,2025-12-07 22:31:15.080881
Чердаклинский район,Роснефть РН-Карт,"Советская ул., 1, Чердаклы, Ульяновская обл., Россия, 433400",DIESEL,71.03,2025-12-07 22:31:15.080881
Чердаклинский район,Роснефть РН-Карт,"Советская ул., 1, Чердаклы, Ульяновская обл., Россия, 433400",GAS,28.09,2025-12-07 22:31:15.080881
Городской округ Ульяновск,Роснефть РН-Карт,"ул. Ленина, 2А, Ульяновск, Ульяновская обл., Россия, 432035",AI92,59.14,2025-12-07 22:31:15.080881
Городской округ Ульяновск,Роснефть РН-Карт,"ул. Ленина, 2А, Ульяновск, Ульяновская обл., Россия, 432035",AI95,66.39,2025-12-07 22:31:15.080881
Городской округ Ульяновск,Роснефть РН-Карт,"ул. Ленина, 2А, Ульяновск, Ульяновская обл., Россия, 432035",DIESEL,71.03,2025-12-07 22:31:15.080881
Городской округ Ульяновск,Роснефть РН-Карт,"ул. Ленина, 2А, Ульяновск, Ульяновская обл., Россия, 432035",GAS,28.09,2025-12-07 22:31:15.080881
Кузоватовский район,Роснефть РН-Карт,"Советская ул., 66, Кузоватово, Ульяновская обл., Россия, 433766",AI92,59.14,2025-12-07 22:31:15.080881
Кузоватовский район,Роснефть РН-Карт,"Советская ул., 66, Кузоватово, Ульяновская обл., Россия, 433766",AI95,66.39,2025-12-07 22:31:15.080881
Кузоватовский район,Роснефть РН-Карт,"Советская ул., 66, Кузоватово, Ульяновская обл., Россия, 433766",DIESEL,70.58,2025-12-07 22:31:15.080881
Кузоватовский район,Роснефть РН-Карт,"Советская ул., 66, Кузоватово, Ульяновская обл., Россия, 433766",GAS,28.09,2025-12-07 22:31:15.080881
Вешкаймский район,Роснефть РН-Карт,"Железнодорожная ул., 2, Вешкайма, Ульяновская обл., Россия, 433100",AI92,59.14,2025-12-07 22:31:15.080881
Вешкаймский район,Роснефть РН-Карт,"Железнодорожная ул., 2, Вешкайма, Ульяновская обл., Россия, 433100",AI95,66.39,2025-12-07 22:31:15.080881
Вешкаймский район,Роснефть РН-Карт,"Железнодорожная ул., 2, Вешкайма, Ульяновская обл., Россия, 433100",DIESEL,71.03,2025-12-07 22:31:15.080881
Новоульяновск,Роснефть РН-Карт,"ул. Ульяновская, Новоульяновск, Ульяновская обл., Россия, 433300",AI92,59.14,2025-12-07 22:31:15.080881
Новоульяновск,Роснефть РН-Карт,"ул. Ульяновская, Новоульяновск, Ульяновская обл., Россия, 433300",AI95,66.39,2025-12-07 22:31:15.080881
Новоульяновск,Роснефть РН-Карт,"ул. Ульяновская, Новоульяновск, Ульяновская обл., Россия, 433300",DIESEL,71.03,2025-12-07 22:31:15.080881
Ульяновск,Роснефть РН-Карт,"пр-т. Созидателей, 104, Ульяновск, Ульяновская обл., Россия, 432072",AI92,59.15,2025-12-07 22:31:15.080881
Ульяновск,Роснефть РН-Карт,"пр-т. Созидателей, 104, Ульяновск, Ульяновская обл., Россия, 432072",AI95,63.9,2025-12-07 22:31:15.080881
Ульяновск,Роснефть РН-Карт,"пр-т. Созидателей, 104, Ульяновск, Ульяновская обл., Россия, 432072",DIESEL,71.05,2025-12-07 22:31:15.080881
Ульяновск,Роснефть РН-Карт,"ул. Карла Маркса, 123, Ульяновск, Ульяновская обл., Россия, 432000",AI92,59.15,2025-12-07 22:31:15.080881
Ульяновск,Роснефть РН-Карт,"ул. Карла Маркса, 123, Ульяновск, Ульяновская обл., Россия, 432000",AI95,63.9,2025-12-07 22:31:15.080881
Ульяновск,Роснефть РН-Карт,"ул. Карла Маркса, 123, Ульяновск, Ульяновская обл., Россия, 432000",DIESEL,71.05,2025-12-07 22:31:15.080881
Чердаклинский район,Роснефть РН-Карт,"Р178, Чердаклы, Ульяновская обл., Россия, 433400",AI92,59.15,2025-12-07 22:31:15.080881
Чердаклинский район,Роснефть РН-Карт,"Р178, Чердаклы, Ульяновская обл., Россия, 433400",AI95,63.9,2025-12-07 22:31:15.080881
Чердаклинский район,Роснефть РН-Карт,"Р178, Чердаклы, Ульяновская обл., Россия, 433400",DIESEL,71.05,2025-12-07 22:31:15.080881
Старая Малыкла,ООО АССОЦИАЦИЯ «Л-КАРД,"Ульяновская обл., Новомалыклинский р-он, с. Новая Малыкла, ул. Кооперативная, 122 А, АЗС №3",DIESEL,70.99,2025-12-07 22:31:15.080881
Городской округ Ульяновск,ООО АССОЦИАЦИЯ «Л-КАРД,"а/д Цивильск-Сызрань, 208 км,  Ульяновская область, Железнодорожный район, г. Ульяновск, село Белый Ключ, улица Ленина, напротив нефтеразведки, АЗС № 8",AI92,61.9,2025-12-07 22:31:15.080881
Городской округ Ульяновск,ООО АССОЦИАЦИЯ «Л-КАРД,"а/д Цивильск-Сызрань, 208 км,  Ульяновская область, Железнодорожный район, г. Ульяновск, село Белый Ключ, улица Ленина, напротив нефтеразведки, АЗС № 8",AI95,66.99,2025-12-07 22:31:15.080881
Городской округ Ульяновск,ООО АССОЦИАЦИЯ «Л-КАРД,"а/д Цивильск-Сызрань, 208 км,  Ульяновская область, Железнодорожный район, г. Ульяновск, село Белый Ключ, улица Ленина, напротив нефтеразведки, АЗС № 8",DIESEL,70.99,2025-12-07 22:31:15.080881
Городской округ Ульяновск,ООО АССОЦИАЦИЯ «Л-КАРД,"а/д Цивильск-Сызрань, 208 км,  Ульяновская область, Железнодорожный район, г. Ульяновск, село Белый Ключ, улица Ленина, напротив нефтеразведки, АЗС № 8",GAS,21.99,2025-12-07 22:31:15.080881
Дмитриево-Помряскино,ООО НЕЙЛОС ТРЕЙД ТК,"а/д Ульяновск-Богатырь-Казань, Ульяновская область, Старомайнский р-н, с. Дмитриево-Помряскино, АЗС №232",AI92,59.14,2025-12-07 22:31:15.080881
Дмитриево-Помряскино,ООО НЕЙЛОС ТРЕЙД ТК,"а/д Ульяновск-Богатырь-Казань, Ульяновская область, Старомайнский р-н, с. Дмитриево-Помряскино, АЗС №232",AI95,63.89,2025-12-07 22:31:15.080881
Дмитриево-Помряскино,ООО НЕЙЛОС ТРЕЙД ТК,"а/д Ульяновск-Богатырь-Казань, Ульяновская область, Старомайнский р-н, с. Дмитриево-Помряскино, АЗС №232",DIESEL,71.03,2025-12-07 22:31:15.080881
Цильнинский район,ООО АССОЦИАЦИЯ «Л-КАРД,"АЗС №2, Ульяновская область, Цильнинский район, в границах СПК Большенагатинский, по левую сторону А151,166 км , вблизи села Большое Нагаткино",AI92,61.9,2025-12-07 22:31:15.080881
Цильнинский район,ООО АССОЦИАЦИЯ «Л-КАРД,"АЗС №2, Ульяновская область, Цильнинский район, в границах СПК Большенагатинский, по левую сторону А151,166 км , вблизи села Большое Нагаткино",AI95,66.99,2025-12-07 22:31:15.080881
Цильнинский район,ООО АССОЦИАЦИЯ «Л-КАРД,"АЗС №2, Ульяновская область, Цильнинский район, в границах СПК Большенагатинский, по левую сторону А151,166 км , вблизи села Большое Нагаткино",DIESEL,70.99,2025-12-07 22:31:15.080881
Цильнинский район,ООО АССОЦИАЦИЯ «Л-КАРД,"АЗС №2, Ульяновская область, Цильнинский район, в границах СПК Большенагатинский, по левую сторону А151,166 км , вблизи села Большое Нагаткино",GAS,21.99,2025-12-07 22:31:15.080881
Тереньгульский район,ООО АССОЦИАЦИЯ «Л-КАРД,"А151, 277 км, Ульяновская обл., Тереньгульский р-н, б.н.п. п.г.т.Тереньга, АЗС №25",AI92,61.9,2025-12-07 22:31:15.080881
Тереньгульский район,ООО АССОЦИАЦИЯ «Л-КАРД,"А151, 277 км, Ульяновская обл., Тереньгульский р-н, б.н.п. п.г.т.Тереньга, АЗС №25",AI95,66.99,2025-12-07 22:31:15.080881
Тереньгульский район,ООО АССОЦИАЦИЯ «Л-КАРД,"А151, 277 км, Ульяновская обл., Тереньгульский р-н, б.н.п. п.г.т.Тереньга, АЗС №25",DIESEL,70.99,2025-12-07 22:31:15.080881
Тереньгульский район,ООО АССОЦИАЦИЯ «Л-КАРД,"А151, 277 км, Ульяновская обл., Тереньгульский р-н, б.н.п. п.г.т.Тереньга, АЗС №25",GAS,21.99,2025-12-07 22:31:15.080881
Ульяновский район,ООО Ульяновская АЗС,"[А151] Цивильск-Ульяновск-Сызрань, 190 км, Ульяновская область, Ульяновский район, д. Михайловка, АЗС ""Олимпик"", слева от Ульяновска",AI92,49.8,2025-12-07 22:31:15.080881
Ульяновский район,ООО Ульяновская АЗС,"[А151] Цивильск-Ульяновск-Сызрань, 190 км, Ульяновская область, Ульяновский район, д. Михайловка, АЗС ""Олимпик"", слева от Ульяновска",DIESEL,62.5,2025-12-07 22:31:15.080881
Николаевский район,Роснефть РН-Карт,"ул. Зелёная, 51, Николаевка, Ульяновская обл., Россия, 433817",AI92,59.14,2025-12-07 22:31:15.080881
Николаевский район,Роснефть РН-Карт,"ул. Зелёная, 51, Николаевка, Ульяновская обл., Россия, 433817",AI95,63.89,2025-12-07 22:31:15.080881
Николаевский район,Роснефть РН-Карт,"ул. Зелёная, 51, Николаевка, Ульяновская обл., Россия, 433817",DIESEL,70.58,2025-12-07 22:31:15.080881
Николаевский район,Роснефть РН-Карт,"ул. Зелёная, 51, Николаевка, Ульяновская обл., Россия, 433817",GAS,27.59,2025-12-07 22:31:15.080881
Николаевский район,"ООО ""ВолгаМелТорг"" №ru14695","Ульяновская область, Москва – Самара, 821 км, с. Канадей, справа, черно-красная",AI92,58.9,2025-12-07 22:31:15.080881
Николаевский район,"ООО ""ВолгаМелТорг"" №ru14695","Ульяновская область, Москва – Самара, 821 км, с. Канадей, справа, черно-красная",DIESEL,62.0,2025-12-07 22:31:15.080881
Барыш,ИП Олезов В.В.,"Ульяновская область, г. Барыш, ул. Гоголя, д.119 -ул. Радищева, АЗС №2 (ж/д переезд)",AI92,59.1,2025-12-07 22:31:15.080881
Барыш,ИП Олезов В.В.,"Ульяновская область, г. Барыш, ул. Гоголя, д.119 -ул. Радищева, АЗС №2 (ж/д переезд)",AI95,66.9,2025-12-07 22:31:15.080881
Барыш,ИП Олезов В.В.,"Ульяновская область, г. Барыш, ул. Гоголя, д.119 -ул. Радищева, АЗС №2 (ж/д переезд)",DIESEL,72.0,2025-12-07 22:31:15.080881
Новоспасский район,Центротех АЗС №1,"Ульяновская область, р.п. Новоспасское, ул. Заводская д.6",AI92,70.74,2025-12-07 22:31:15.080881
Новоспасский район,Центротех АЗС №1,"Ульяновская область, р.п. Новоспасское, ул. Заводская д.6",AI95,96.0,2025-12-07 22:31:15.080881
Новоспасский район,Центротех АЗС №1,"Ульяновская область, р.п. Новоспасское, ул. Заводская д.6",DIESEL,70.7,2025-12-07 22:31:15.080881
Кузоватовский район,ИП Олезов В.В.,"а/д Кузоватово-Ульяновск, Ульяновская обл., Кузоватовский р-н, р.п. Кузоватово, АЗС""Гастон"" бело-синий",AI92,59.1,2025-12-07 22:31:15.080881
Кузоватовский район,ИП Олезов В.В.,"а/д Кузоватово-Ульяновск, Ульяновская обл., Кузоватовский р-н, р.п. Кузоватово, АЗС""Гастон"" бело-синий",AI95,66.9,2025-12-07 22:31:15.080881
Кузоватовский район,ИП Олезов В.В.,"а/д Кузоватово-Ульяновск, Ульяновская обл., Кузоватовский р-н, р.п. Кузоватово, АЗС""Гастон"" бело-синий",DIESEL,70.0,2025-12-07 22:31:15.080881
Старомайнский район,УЦГ №№ 13,"433460, Ульяновская область, Старомайнский район, р.п. Старая Майна, ул. Сидорова, 23",AI92,62.89,2025-12-07 22:31:15.080881
Старомайнский район,УЦГ №№ 13,"433460, Ульяновская область, Старомайнский район, р.п. Старая Майна, ул. Сидорова, 23",AI95,63.99,2025-12-07 22:31:15.080881
Старомайнский район,УЦГ №№ 13,"433460, Ульяновская область, Старомайнский район, р.п. Старая Майна, ул. Сидорова, 23",DIESEL,71.99,2025-12-07 22:31:15.080881
Старомайнский район,УЦГ №№ 13,"433460, Ульяновская область, Старомайнский район, р.п. Старая Майна, ул. Сидорова, 23",GAS,21.9,2025-12-07 22:31:15.080881
Городской округ Ульяновск,АГЗС,"Ульяновская обл., Ульяновск г., Лаишевка с., Лаишевка с.",GAS,22.0,2025-12-07 22:31:15.080881
Ульяновский район,Башнефть №57986,"Ульяновская область, Ульяновский район, А151, вблизи села Новый Урень",AI92,59.15,2025-12-07 22:31:15.080881
Ульяновский район,Башнефть №57986,"Ульяновская область, Ульяновский район, А151, вблизи села Новый Урень",AI95,63.9,2025-12-07 22:31:15.080881
Ульяновский район,Башнефть №57986,"Ульяновская область, Ульяновский район, А151, вблизи села Новый Урень",DIESEL,71.05,2025-12-07 22:31:15.080881
Ульяновск,Shell №0008,"а/д Ульяновск-Димитровград, 18км, Ульяновская обл., Чердаклинский р-н, г.Ульяновск, ш. Димитровградское, д.79А, АЗС №8",AI95,69.89,2025-12-07 22:31:15.080881
Ульяновск,Shell №0008,"а/д Ульяновск-Димитровград, 18км, Ульяновская обл., Чердаклинский р-н, г.Ульяновск, ш. Димитровградское, д.79А, АЗС №8",DIESEL,69.69,2025-12-07 22:31:15.080881
Ульяновск,Shell №0008,"а/д Ульяновск-Димитровград, 18км, Ульяновская обл., Чердаклинский р-н, г.Ульяновск, ш. Димитровградское, д.79А, АЗС №8",AI92,63.09,2025-12-07 22:31:15.080881
Ульяновск,Shell №0008,"а/д Ульяновск-Димитровград, 18км, Ульяновская обл., Чердаклинский р-н, г.Ульяновск, ш. Димитровградское, д.79А, АЗС №8",GAS,24.5,2025-12-07 22:31:15.080881
Земляничный,УЛЬЯНОВСКЦЕНТРГАЗ,"Барышский р-он, 500 м южнее вещевого рынка г. Барыша, с западной стороны от а/д «Барыш-Николаевка»",DIESEL,79.36,2025-12-07 22:31:15.080881
Земляничный,УЛЬЯНОВСКЦЕНТРГАЗ,"Барышский р-он, 500 м южнее вещевого рынка г. Барыша, с западной стороны от а/д «Барыш-Николаевка»",AI92,64.88,2025-12-07 22:31:15.080881
Земляничный,УЛЬЯНОВСКЦЕНТРГАЗ,"Барышский р-он, 500 м южнее вещевого рынка г. Барыша, с западной стороны от а/д «Барыш-Николаевка»",AI95,67.53,2025-12-07 22:31:15.080881
Земляничный,ООО Ульяновскцентргаз,"а/д Барыш-Николаевка, 2км, Ульяновская обл., Барышский р-н, г.Барыш",AI92,59.89,2025-12-07 22:31:15.080881
Земляничный,ООО Ульяновскцентргаз,"а/д Барыш-Николаевка, 2км, Ульяновская обл., Барышский р-н, г.Барыш",DIESEL,74.89,2025-12-07 22:31:15.080881
Земляничный,ООО Ульяновскцентргаз,"а/д Барыш-Николаевка, 2км, Ульяновская обл., Барышский р-н, г.Барыш",AI95,67.49,2025-12-07 22:31:15.080881
Ульяновск,УЛЬЯНОВСКЦЕНТРГАЗ,"ул. Московское шоссе, 6В",AI92,61.04,2025-12-07 22:31:15.080881
Ульяновск,УЛЬЯНОВСКЦЕНТРГАЗ,"ул. Московское шоссе, 6В",AI95,67.96,2025-12-07 22:31:15.080881
Ульяновск,УЛЬЯНОВСКЦЕНТРГАЗ,"ул. Московское шоссе, 6В",DIESEL,74.57,2025-12-07 22:31:15.080881
Ульяновск,УЛЬЯНОВСКЦЕНТРГАЗ,"ул. Московское шоссе, 6В",GAS,26.69,2025-12-07 22:31:15.080881
Ульяновск,УЛЬЯНОВСКЦЕНТРГАЗ,"ул. Московское шоссе, 6В",AI92,62.48,2025-12-07 22:31:15.080881
Ульяновск,УЛЬЯНОВСКЦЕНТРГАЗ,"ул. Московское шоссе, 6В",AI95,71.98,2025-12-07 22:31:15.080881
Ульяновск,УЛЬЯНОВСКЦЕНТРГАЗ,"ул. Московское шоссе, 6В",DIESEL,76.98,2025-12-07 22:31:15.080881
Ульяновск,УЛЬЯНОВСКЦЕНТРГАЗ,"ул. Московское шоссе, 6В",AI92,65.0,2025-12-07 22:31:15.080881
Ульяновск,УЛЬЯНОВСКЦЕНТРГАЗ,"ул. Московское шоссе, 6В",AI95,70.0,2025-12-07 22:31:15.080881
Ульяновск,УЛЬЯНОВСКЦЕНТРГАЗ,"ул. Московское шоссе, 6В",DIESEL,70.0,2025-12-07 22:31:15.080881
Ульяновск,УЛЬЯНОВСКЦЕНТРГАЗ,"ул. Московское шоссе, 6В",AI92,67.0,2025-12-07 22:31:15.080881
Ульяновск,УЛЬЯНОВСКЦЕНТРГАЗ,"ул. Московское шоссе, 6В",AI95,69.9,2025-12-07 22:31:15.080881
Ульяновск,УЛЬЯНОВСКЦЕНТРГАЗ,"ул. Московское шоссе, 6В",DIESEL,70.3,2025-12-07 22:31:15.080881
Ульяновск,УЛЬЯНОВСКЦЕНТРГАЗ,"ул. Московское шоссе, 6В",GAS,30.0,2025-12-07 22:31:15.080881
Майнский район,Роснефть №67833,"Луговая ул., 2, Майна, Ульяновская обл., Россия, 433130",AI92,59.14,2025-12-07 22:31:15.080881
Майнский район,Роснефть №67833,"Луговая ул., 2, Майна, Ульяновская обл., Россия, 433130",AI95,63.89,2025-12-07 22:31:15.080881
Майнский район,Роснефть №67833,"Луговая ул., 2, Майна, Ульяновская обл., Россия, 433130",DIESEL,71.03,2025-12-07 22:31:15.080881
Ульяновск,УЛЬЯНОВСКЦЕНТРГАЗ,"ул. Московское шоссе, 6В",GAS,24.0,2025-12-07 22:31:15.080881
Ульяновск,УЛЬЯНОВСКЦЕНТРГАЗ,"ул. Московское шоссе, 6В",AI92,58.9,2025-12-07 22:31:15.080881
Ульяновск,УЛЬЯНОВСКЦЕНТРГАЗ,"ул. Московское шоссе, 6В",AI95,62.9,2025-12-07 22:31:15.080881
Ульяновск,УЛЬЯНОВСКЦЕНТРГАЗ,"ул. Московское шоссе, 6В",DIESEL,69.9,2025-12-07 22:31:15.080881
Ульяновск,РН-Карт,"ул. Кирова, 103А, Ульяновск, Ульяновская обл., Россия, 432048",AI92,59.15,2025-12-07 22:31:15.080881
Ульяновск,РН-Карт,"ул. Кирова, 103А, Ульяновск, Ульяновская обл., Россия, 432048",AI95,63.9,2025-12-07 22:31:15.080881
Ульяновск,РН-Карт,"ул. Кирова, 103А, Ульяновск, Ульяновская обл., Россия, 432048",DIESEL,71.05,2025-12-07 22:31:15.080881
Земляничный,УЛЬЯНОВСКЦЕНТРГАЗ,"Барышский р-он, 500 м южнее вещевого рынка г. Барыша, с западной стороны от а/д «Барыш-Николаевка»",DIESEL,67.6,2025-12-07 22:31:15.080881
Земляничный,УЛЬЯНОВСКЦЕНТРГАЗ,"Барышский р-он, 500 м южнее вещевого рынка г. Барыша, с западной стороны от а/д «Барыш-Николаевка»",AI92,60.0,2025-12-07 22:31:15.080881
Земляничный,УЛЬЯНОВСКЦЕНТРГАЗ,"Барышский р-он, 500 м южнее вещевого рынка г. Барыша, с западной стороны от а/д «Барыш-Николаевка»",AI95,65.4,2025-12-07 22:31:15.080881
Старая Майна,ООО НЕЙЛОС ТРЕЙД ТК,"Р178, 290км, Ульяновская обл., Старомайнский р-он, р.п. Старая Майна, ул. Строителей, 7, АЗС №253",AI92,59.14,2025-12-07 22:31:15.080881
Старая Майна,ООО НЕЙЛОС ТРЕЙД ТК,"Р178, 290км, Ульяновская обл., Старомайнский р-он, р.п. Старая Майна, ул. Строителей, 7, АЗС №253",AI95,63.89,2025-12-07 22:31:15.080881
Старая Майна,ООО НЕЙЛОС ТРЕЙД ТК,"Р178, 290км, Ульяновская обл., Старомайнский р-он, р.п. Старая Майна, ул. Строителей, 7, АЗС №253",DIESEL,71.03,2025-12-07 22:31:15.080881
Карсунский район,УЛЬЯНОВСКЦЕНТРГАЗ,"Ульяновская обл., Карсунский р-н, рп. Карсун, ул. Курдюмова, д.3а, АЗС Магус №7",AI92,59.09,2025-12-07 22:31:15.080881
Карсунский район,УЛЬЯНОВСКЦЕНТРГАЗ,"Ульяновская обл., Карсунский р-н, рп. Карсун, ул. Курдюмова, д.3а, АЗС Магус №7",DIESEL,71.99,2025-12-07 22:31:15.080881
Карсунский район,УЛЬЯНОВСКЦЕНТРГАЗ,"Ульяновская обл., Карсунский р-н, рп. Карсун, ул. Курдюмова, д.3а, АЗС Магус №7",GAS,23.0,2025-12-07 22:31:15.080881
Городской округ Ульяновск,УЛЬЯНОВСКЦЕНТРГАЗ,"г. Ульяновск, 340м на северо-запад от жилого дома Нариманова",AI92,62.89,2025-12-07 22:31:15.080881
Городской округ Ульяновск,УЛЬЯНОВСКЦЕНТРГАЗ,"г. Ульяновск, 340м на северо-запад от жилого дома Нариманова",AI95,69.89,2025-12-07 22:31:15.080881
Городской округ Ульяновск,УЛЬЯНОВСКЦЕНТРГАЗ,"г. Ульяновск, 340м на северо-запад от жилого дома Нариманова",DIESEL,71.99,2025-12-07 22:31:15.080881
Городской округ Ульяновск,УЛЬЯНОВСКЦЕНТРГАЗ,"г. Ульяновск, 340м на северо-запад от жилого дома Нариманова",GAS,24.5,2025-12-07 22:31:15.080881
Сенгилеевский район,ООО Ульяновскцентргаз,"Ульяновская обл., г. Сенгилей, пересечение ул. Красноармейской и объездной дороги Ульяновск - Сенгилей-Молвино, АЗС Магус №6",AI92,59.09,2025-12-07 22:31:15.080881
Сенгилеевский район,ООО Ульяновскцентргаз,"Ульяновская обл., г. Сенгилей, пересечение ул. Красноармейской и объездной дороги Ульяновск - Сенгилей-Молвино, АЗС Магус №6",AI95,63.99,2025-12-07 22:31:15.080881
Сенгилеевский район,ООО Ульяновскцентргаз,"Ульяновская обл., г. Сенгилей, пересечение ул. Красноармейской и объездной дороги Ульяновск - Сенгилей-Молвино, АЗС Магус №6",DIESEL,63.69,2025-12-07 22:31:15.080881
Сенгилеевский район,ООО Ульяновскцентргаз,"Ульяновская обл., г. Сенгилей, пересечение ул. Красноармейской и объездной дороги Ульяновск - Сенгилей-Молвино, АЗС Магус №6",GAS,26.5,2025-12-07 22:31:15.080881
Новоспасский район,ООО ЦЕНТРОТЕХ АЗС,"р.п. Новоспасское, ул. Заводская, 2А",AI92,58.9,2025-12-07 22:31:15.080881
Новоспасский район,ООО ЦЕНТРОТЕХ АЗС,"р.п. Новоспасское, ул. Заводская, 2А",AI95,63.9,2025-12-07 22:31:15.080881
Новоспасский район,ООО ЦЕНТРОТЕХ АЗС,"р.п. Новоспасское, ул. Заводская, 2А",DIESEL,75.0,2025-12-07 22:31:15.080881
Ульяновск,УЛЬЯНОВСКЦЕНТРГАЗ,"Ульяновская обл., г. Ульяновск, ул. Диспетчерская, д.15, АЗС Магус №5",AI92,62.89,2025-12-07 22:31:15.080881
Ульяновск,УЛЬЯНОВСКЦЕНТРГАЗ,"Ульяновская обл., г. Ульяновск, ул. Диспетчерская, д.15, АЗС Магус №5",AI95,69.89,2025-12-07 22:31:15.080881
Ульяновск,УЛЬЯНОВСКЦЕНТРГАЗ,"Ульяновская обл., г. Ульяновск, ул. Диспетчерская, д.15, АЗС Магус №5",DIESEL,73.0,2025-12-07 22:31:15.080881
Новоспасский район,"ООО ""РН-Карт""","Заводская ул., 2, Новоспасское, Ульяновская обл., Россия, 433870",AI92,59.14,2025-12-07 22:31:15.080881
Новоспасский район,"ООО ""РН-Карт""","Заводская ул., 2, Новоспасское, Ульяновская обл., Россия, 433870",AI95,66.39,2025-12-07 22:31:15.080881
Новоспасский район,"ООО ""РН-Карт""","Заводская ул., 2, Новоспасское, Ульяновская обл., Россия, 433870",DIESEL,70.58,2025-12-07 22:31:15.080881
Ульяновск,"ООО ""РН-Карт""","Димитровградское ш., 24, Ульяновск, Ульяновская обл., Россия, 432022",AI92,59.14,2025-12-07 22:31:15.080881
Ульяновск,"ООО ""РН-Карт""","Димитровградское ш., 24, Ульяновск, Ульяновская обл., Россия, 432022",AI95,66.39,2025-12-07 22:31:15.080881
Ульяновск,"ООО ""РН-Карт""","Димитровградское ш., 24, Ульяновск, Ульяновская обл., Россия, 432022",DIESEL,71.03,2025-12-07 22:31:15.080881
Ульяновск,"ООО ""РН-Карт""","Димитровградское ш., 24, Ульяновск, Ульяновская обл., Россия, 432022",GAS,28.09,2025-12-07 22:31:15.080881
Ульяновск,"ООО ""РН-Карт""","ул. Оренбургская, 50, Ульяновск, Ульяновская обл., Россия, 432000",AI92,59.14,2025-12-07 22:31:15.080881
Ульяновск,"ООО ""РН-Карт""","ул. Оренбургская, 50, Ульяновск, Ульяновская обл., Россия, 432000",AI95,66.39,2025-12-07 22:31:15.080881
Ульяновск,"ООО ""РН-Карт""","ул. Оренбургская, 50, Ульяновск, Ульяновская обл., Россия, 432000",DIESEL,71.03,2025-12-07 22:31:15.080881
Земляничный,УЛЬЯНОВСКЦЕНТРГАЗ,"Барышский р-он, 500 м южнее вещевого рынка г. Барыша, с западной стороны от а/д «Барыш-Николаевка»",AI92,58.0,2025-12-07 22:31:15.080881
Земляничный,УЛЬЯНОВСКЦЕНТРГАЗ,"Барышский р-он, 500 м южнее вещевого рынка г. Барыша, с западной стороны от а/д «Барыш-Николаевка»",AI95,62.5,2025-12-07 22:31:15.080881
Земляничный,УЛЬЯНОВСКЦЕНТРГАЗ,"Барышский р-он, 500 м южнее вещевого рынка г. Барыша, с западной стороны от а/д «Барыш-Николаевка»",DIESEL,71.5,2025-12-07 22:31:15.080881
Земляничный,УЛЬЯНОВСКЦЕНТРГАЗ,"Барышский р-он, 500 м южнее вещевого рынка г. Барыша, с западной стороны от а/д «Барыш-Николаевка»",GAS,20.0,2025-12-07 22:31:15.080881
Ульяновск,УЛЬЯНОВСКЦЕНТРГАЗ,"ул. Московское шоссе, 6В",AI92,60.36,2025-12-07 22:31:15.080881
Ульяновск,УЛЬЯНОВСКЦЕНТРГАЗ,"ул. Московское шоссе, 6В",AI95,68.49,2025-12-07 22:31:15.080881
Ульяновск,УЛЬЯНОВСКЦЕНТРГАЗ,"ул. Московское шоссе, 6В",DIESEL,73.19,2025-12-07 22:31:15.080881
Ульяновск,Роснефть №67819,"Московское ш., 16б, Ульяновск, Ульяновская обл., Россия, 432045",AI92,59.14,2025-12-07 22:31:15.080881
Ульяновск,Роснефть №67819,"Московское ш., 16б, Ульяновск, Ульяновская обл., Россия, 432045",AI95,66.39,2025-12-07 22:31:15.080881
Ульяновск,Роснефть №67819,"Московское ш., 16б, Ульяновск, Ульяновская обл., Россия, 432045",DIESEL,71.03,2025-12-07 22:31:15.080881
Новоспасский район,ООО АРИС-КАРТ СПБ,"Ульяновская обл., 846 км трассы М5, 33км до кольцевой дороги г.Сызрань, слева, АЗС № 29",DIESEL,67.5,2025-12-07 22:31:15.080881
Новоспасский район,ООО АРИС-КАРТ СПБ,"Ульяновская обл., 846 км трассы М5, 33км до кольцевой дороги г.Сызрань, слева, АЗС № 29",AI92,54.95,2025-12-07 22:31:15.080881
Новоспасский район,ООО АРИС-КАРТ СПБ,"Ульяновская обл., 846 км трассы М5, 33км до кольцевой дороги г.Сызрань, слева, АЗС № 29",AI95,59.5,2025-12-07 22:31:15.080881
Земляничный,УЛЬЯНОВСКЦЕНТРГАЗ,"Барышский р-он, 500 м южнее вещевого рынка г. Барыша, с западной стороны от а/д «Барыш-Николаевка»",AI92,60.4,2025-12-07 22:31:15.080881
Земляничный,УЛЬЯНОВСКЦЕНТРГАЗ,"Барышский р-он, 500 м южнее вещевого рынка г. Барыша, с западной стороны от а/д «Барыш-Николаевка»",DIESEL,74.02,2025-12-07 22:31:15.080881
Земляничный,УЛЬЯНОВСКЦЕНТРГАЗ,"Барышский р-он, 500 м южнее вещевого рынка г. Барыша, с западной стороны от а/д «Барыш-Николаевка»",AI95,65.85,2025-12-07 22:31:15.080881
Новоспасский район,ООО ЦЕНТРОТЕХ АЗС,"р.п. Новоспасское, ул. Заводская, 2А",AI92,64.19,2025-12-07 22:31:15.080881
Новоспасский район,ООО ЦЕНТРОТЕХ АЗС,"р.п. Новоспасское, ул. Заводская, 2А",AI95,66.96,2025-12-07 22:31:15.080881
Новоспасский район,ООО ЦЕНТРОТЕХ АЗС,"р.п. Новоспасское, ул. Заводская, 2А",DIESEL,79.36,2025-12-07 22:31:15.080881
Тереньгульский район,"ООО ""РН-Карт""","Сызранское ш., 1а, Тереньга, Ульяновская обл., Россия, 433361",AI92,59.14,2025-12-07 22:31:15.080881
Тереньгульский район,"ООО ""РН-Карт""","Сызранское ш., 1а, Тереньга, Ульяновская обл., Россия, 433361",AI95,66.39,2025-12-07 22:31:15.080881
Тереньгульский район,"ООО ""РН-Карт""","Сызранское ш., 1а, Тереньга, Ульяновская обл., Россия, 433361",DIESEL,70.58,2025-12-07 22:31:15.080881
Тереньгульский район,"ООО ""РН-Карт""","Сызранское ш., 1а, Тереньга, Ульяновская обл., Россия, 433361",GAS,28.09,2025-12-07 22:31:15.080881
Карсун,"ООО ""РН-Карт""","ул. Гагарина, 6А, Карсун, Ульяновская обл., Россия, 433210",AI92,59.14,2025-12-07 22:31:15.080881
Карсун,"ООО ""РН-Карт""","ул. Гагарина, 6А, Карсун, Ульяновская обл., Россия, 433210",AI95,66.39,2025-12-07 22:31:15.080881
Карсун,"ООО ""РН-Карт""","ул. Гагарина, 6А, Карсун, Ульяновская обл., Россия, 433210",DIESEL,71.03,2025-12-07 22:31:15.080881
Карсун,"ООО ""РН-Карт""","ул. Гагарина, 6А, Карсун, Ульяновская обл., Россия, 433210",GAS,28.09,2025-12-07 22:31:15.080881
Ульяновск,ООО Л-Нефтепродукт,"Ульяновская область, г.Ульяновск, ул. Шевченко д 103, АЗС №14, под брендом ""Лукойл""",AI92,61.89,2025-12-07 22:31:15.080881
Ульяновск,ООО Л-Нефтепродукт,"Ульяновская область, г.Ульяновск, ул. Шевченко д 103, АЗС №14, под брендом ""Лукойл""",AI95,66.54,2025-12-07 22:31:15.080881
Ульяновск,ООО Л-Нефтепродукт,"Ульяновская область, г.Ульяновск, ул. Шевченко д 103, АЗС №14, под брендом ""Лукойл""",DIESEL,71.75,2025-12-07 22:31:15.080881
Цильнинский район,"ООО ""РН-Карт""","Пролетарская ул., 89, Большое Нагаткино, Ульяновская обл., Россия, 433610",AI92,59.14,2025-12-07 22:31:15.080881
Цильнинский район,"ООО ""РН-Карт""","Пролетарская ул., 89, Большое Нагаткино, Ульяновская обл., Россия, 433610",AI95,66.39,2025-12-07 22:31:15.080881
Цильнинский район,"ООО ""РН-Карт""","Пролетарская ул., 89, Большое Нагаткино, Ульяновская обл., Россия, 433610",DIESEL,71.03,2025-12-07 22:31:15.080881
Новоспасский район,"ООО ""ЛУКОЙЛ-Интер-Кард""","М-5, 847 км, Коптевское сельское поселение, Новоспасский р-н, Ульяновская обл.",DIESEL,71.75,2025-12-07 22:31:15.080881
Новоспасский район,"ООО ""ЛУКОЙЛ-Интер-Кард""","М-5, 847 км, Коптевское сельское поселение, Новоспасский р-н, Ульяновская обл.",GAS,27.99,2025-12-07 22:31:15.080881
Городской округ Ульяновск,ООО ТАИФ-НК АЗС,"Ульяновская область, г.Ульяновск, Сельдинское шоссе, д.8, пос.Сельдь, АЗС № 323 Татнефтепродукт",DIESEL,72.0,2025-12-07 22:31:15.080881
Городской округ Ульяновск,ООО ТАИФ-НК АЗС,"Ульяновская область, г.Ульяновск, Сельдинское шоссе, д.8, пос.Сельдь, АЗС № 323 Татнефтепродукт",AI92,59.24,2025-12-07 22:31:15.080881
Городской округ Ульяновск,ООО ТАИФ-НК АЗС,"Ульяновская область, г.Ульяновск, Сельдинское шоссе, д.8, пос.Сельдь, АЗС № 323 Татнефтепродукт",AI95,63.14,2025-12-07 22:31:15.080881
Ульяновск,ООО Л-Нефтепродукт,"Ульяновская обл., г. Ульяновск, проспект Созидателей, 32, АЗС №24",DIESEL,73.99,2025-12-07 22:31:15.080881
Ульяновск,ООО Л-Нефтепродукт,"Ульяновская обл., г. Ульяновск, проспект Созидателей, 32, АЗС №24",AI92,61.89,2025-12-07 22:31:15.080881
Ульяновск,ООО Л-Нефтепродукт,"Ульяновская обл., г. Ульяновск, проспект Созидателей, 32, АЗС №24",AI95,66.54,2025-12-07 22:31:15.080881
Ульяновск,ООО Л-Нефтепродукт,"Ульяновская обл., г. Ульяновск, проспект Созидателей, 32, АЗС №24",GAS,28.19,2025-12-07 22:31:15.080881
Новоспасский район,ООО Центротех Азс Опт,"Ульяновская область, Новоспасский р-н, с. Старое Томышево, ул. Железнодорожная 2, д.4",AI92,86.5,2025-12-07 22:31:15.080881
Новоспасский район,ООО Центротех Азс Опт,"Ульяновская область, Новоспасский р-н, с. Старое Томышево, ул. Железнодорожная 2, д.4",DIESEL,70.7,2025-12-07 22:31:15.080881
Городской округ Ульяновск,"ООО ""РН-Карт""","Автозаправочная станция ""Роснефть"", ул. Юности, 26, Ульяновск, Ульяновская обл., Россия, 432027",AI92,59.14,2025-12-07 22:31:15.080881
Городской округ Ульяновск,"ООО ""РН-Карт""","Автозаправочная станция ""Роснефть"", ул. Юности, 26, Ульяновск, Ульяновская обл., Россия, 432027",AI95,63.89,2025-12-07 22:31:15.080881
Городской округ Ульяновск,"ООО ""РН-Карт""","Автозаправочная станция ""Роснефть"", ул. Юности, 26, Ульяновск, Ульяновская обл., Россия, 432027",DIESEL,71.03,2025-12-07 22:31:15.080881
Мелекесский район,"ООО ""РН-Карт""","ул. Куйбышева, 1в, Димитровград, Ульяновская обл., Россия, 433503",AI92,59.14,2025-12-07 22:31:15.080881
Мелекесский район,"ООО ""РН-Карт""","ул. Куйбышева, 1в, Димитровград, Ульяновская обл., Россия, 433503",AI95,66.39,2025-12-07 22:31:15.080881
Мелекесский район,"ООО ""РН-Карт""","ул. Куйбышева, 1в, Димитровград, Ульяновская обл., Россия, 433503",DIESEL,71.03,2025-12-07 22:31:15.080881
Мелекесский район,"ООО ""РН-Карт""","ул. Куйбышева, 1в, Димитровград, Ульяновская обл., Россия, 433503",GAS,28.09,2025-12-07 22:31:15.080881
Димитровград,ООО Л-Нефтепродукт,"Р178, 313 км, Ульяновская область, г.Димитровград, Мулловское шоссе, д.30, слева от Ульяновска",AI92,61.89,2025-12-07 22:31:15.080881
Димитровград,ООО Л-Нефтепродукт,"Р178, 313 км, Ульяновская область, г.Димитровград, Мулловское шоссе, д.30, слева от Ульяновска",AI95,66.54,2025-12-07 22:31:15.080881
Димитровград,ООО Л-Нефтепродукт,"Р178, 313 км, Ульяновская область, г.Димитровград, Мулловское шоссе, д.30, слева от Ульяновска",DIESEL,71.75,2025-12-07 22:31:15.080881
Димитровград,ООО Л-Нефтепродукт,"Р178, 313 км, Ульяновская область, г.Димитровград, Мулловское шоссе, д.30, слева от Ульяновска",GAS,28.19,2025-12-07 22:31:15.080881
Ульяновск,ООО Л-Нефтепродукт,"Ульяновская обл., г. Ульяновск, Заволжский р-н, пр-кт Созидателей, 118",AI95,66.54,2025-12-07 22:31:15.080881
Ульяновск,ООО Л-Нефтепродукт,"Ульяновская обл., г. Ульяновск, Заволжский р-н, пр-кт Созидателей, 118",DIESEL,71.75,2025-12-07 22:31:15.080881
Ульяновск,ООО Л-Нефтепродукт,"Ульяновская обл., г. Ульяновск, Заволжский р-н, пр-кт Созидателей, 118",GAS,28.19,2025-12-07 22:31:15.080881
Новоспасский район,ООО Л-КАРД,"Ульяновская обл р. П. Новосспаское , Ул. Строителей,  5а",AI92,58.99,2025-12-07 22:31:15.080881
Новоспасский район,ООО Л-КАРД,"Ульяновская обл р. П. Новосспаское , Ул. Строителей,  5а",AI95,63.99,2025-12-07 22:31:15.080881
Новоспасский район,ООО Л-КАРД,"Ульяновская обл р. П. Новосспаское , Ул. Строителей,  5а",DIESEL,69.99,2025-12-07 22:31:15.080881
Старомайнский район,"ООО ""РН-Карт""","Россия, Ульяновская область, Старомайнский район, Старая Майна",AI92,59.14,2025-12-07 22:31:15.080881
Старомайнский район,"ООО ""РН-Карт""","Россия, Ульяновская область, Старомайнский район, Старая Майна",AI95,63.89,2025-12-07 22:31:15.080881
Старомайнский район,"ООО ""РН-Карт""","Россия, Ульяновская область, Старомайнский район, Старая Майна",DIESEL,71.03,2025-12-07 22:31:15.080881
Старомайнский район,"ООО ""РН-Карт""","Россия, Ульяновская область, Старомайнский район, Старая Майна",GAS,28.09,2025-12-07 22:31:15.080881
Димитровград,Волга Трейд,"ул. Курчатова, 5",AI92,66.5,2025-12-07 22:31:15.080881
Димитровград,Волга Трейд,"ул. Курчатова, 5",AI95,68.7,2025-12-07 22:31:15.080881
Ульяновск,"ООО ""РН-Карт""","Московское ш., 4А, Ульяновск, Ульяновская обл., Россия, 432045",AI92,59.15,2025-12-07 22:31:15.080881
Ульяновск,"ООО ""РН-Карт""","Московское ш., 4А, Ульяновск, Ульяновская обл., Россия, 432045",AI95,63.9,2025-12-07 22:31:15.080881
Ульяновск,"ООО ""РН-Карт""","Московское ш., 4А, Ульяновск, Ульяновская обл., Россия, 432045",DIESEL,71.05,2025-12-07 22:31:15.080881
Ульяновск,"ТД ""Смарт-Технологии""","пр-д 8-й Инженерный, 3",DIESEL,69.0,2025-12-07 22:31:15.080881
Ульяновск,"ТД ""Смарт-Технологии""","пр-д 8-й Инженерный, 3",AI92,56.0,2025-12-07 22:31:15.080881
Ульяновск,"ТД ""Смарт-Технологии""","пр-д 8-й Инженерный, 3",AI95,60.0,2025-12-07 22:31:15.080881
Мелекесский район,"ООО ""РН-Карт""","Тольятинское ш., Новоселки, Ульяновская обл., Россия, 433529",AI92,59.14,2025-12-07 22:31:15.080881
Мелекесский район,"ООО ""РН-Карт""","Тольятинское ш., Новоселки, Ульяновская обл., Россия, 433529",AI95,66.39,2025-12-07 22:31:15.080881
Мелекесский район,"ООО ""РН-Карт""","Тольятинское ш., Новоселки, Ульяновская обл., Россия, 433529",DIESEL,70.58,2025-12-07 22:31:15.080881
Ульяновск,ООО Л-Нефтепродукт,"Ульяновская обл., г.Ульяновск, пересечение Московское шоссе и пр-кт Олимпийский",AI92,61.89,2025-12-07 22:31:15.080881
Ульяновск,ООО Л-Нефтепродукт,"Ульяновская обл., г.Ульяновск, пересечение Московское шоссе и пр-кт Олимпийский",AI95,66.54,2025-12-07 22:31:15.080881
Ульяновск,ООО Л-Нефтепродукт,"Ульяновская обл., г.Ульяновск, пересечение Московское шоссе и пр-кт Олимпийский",DIESEL,71.75,2025-12-07 22:31:15.080881
Ульяновск,ООО Л-Нефтепродукт,"Ульяновская обл., г.Ульяновск, пересечение Московское шоссе и пр-кт Олимпийский",GAS,28.19,2025-12-07 22:31:15.080881
Ждамирово,"ТД ""Смарт-Технологии""","ул. Молодёжная, 2",AI92,57.0,2025-12-07 22:31:15.080881
Ждамирово,"ТД ""Смарт-Технологии""","ул. Молодёжная, 2",AI95,62.0,2025-12-07 22:31:15.080881
Димитровград,"ООО ""РН-Карт""","Мулловское ш., 31, Димитровград, Ульяновская обл., Россия, 433507",AI92,59.14,2025-12-07 22:31:15.080881
Димитровград,"ООО ""РН-Карт""","Мулловское ш., 31, Димитровград, Ульяновская обл., Россия, 433507",AI95,66.39,2025-12-07 22:31:15.080881
Димитровград,"ООО ""РН-Карт""","Мулловское ш., 31, Димитровград, Ульяновская обл., Россия, 433507",DIESEL,71.03,2025-12-07 22:31:15.080881
Ульяновск,"ООО ""РН-Карт""","Октябрьская ул., 26В, Ульяновск, Ульяновская обл., Россия, 432032",AI92,59.14,2025-12-07 22:31:15.080881
Ульяновск,"ООО ""РН-Карт""","Октябрьская ул., 26В, Ульяновск, Ульяновская обл., Россия, 432032",AI95,63.89,2025-12-07 22:31:15.080881
Ульяновск,"ООО ""РН-Карт""","Октябрьская ул., 26В, Ульяновск, Ульяновская обл., Россия, 432032",DIESEL,71.03,2025-12-07 22:31:15.080881
Ульяновск,ООО Л-Нефтепродукт,"Ульяновская обл., г. Ульяновск, ул. Локомотивная, 10, АЗС №22",AI92,61.89,2025-12-07 22:31:15.080881
Ульяновск,ООО Л-Нефтепродукт,"Ульяновская обл., г. Ульяновск, ул. Локомотивная, 10, АЗС №22",AI95,66.54,2025-12-07 22:31:15.080881
Ульяновск,ООО Л-Нефтепродукт,"Ульяновская обл., г. Ульяновск, ул. Локомотивная, 10, АЗС №22",DIESEL,71.75,2025-12-07 22:31:15.080881
Ульяновск,ООО Л-Нефтепродукт,"Ульяновская обл., г. Ульяновск, ул. Локомотивная, 10, АЗС №22",GAS,28.19,2025-12-07 22:31:15.080881
Димитровград,ТК ИРБИС,"Ульяновская область, г. Димитровград, ул. Юнг Северного флота, 1а",DIESEL,72.99,2025-12-07 22:31:15.080881
Димитровград,ТК ИРБИС,"Ульяновская область, г. Димитровград, ул. Юнг Северного флота, 1а",AI92,61.99,2025-12-07 22:31:15.080881
Димитровград,ТК ИРБИС,"Ульяновская область, г. Димитровград, ул. Юнг Северного флота, 1а",AI92PLUS,62.99,2025-12-07 22:31:15.080881
Димитровград,ТК ИРБИС,"Ульяновская область, г. Димитровград, ул. Юнг Северного флота, 1а",AI95,65.99,2025-12-07 22:31:15.080881
Радищевский район,ИП Бирюков Ю.А.,"Р228, 32 км, Ульяновская обл., Радищевский р-он, ст. Рябина, слева от Ульяновска",AI92,66.2,2025-12-07 22:31:15.080881
Радищевский район,ИП Бирюков Ю.А.,"Р228, 32 км, Ульяновская обл., Радищевский р-он, ст. Рябина, слева от Ульяновска",AI95,76.0,2025-12-07 22:31:15.080881
Радищевский район,ИП Бирюков Ю.А.,"Р228, 32 км, Ульяновская обл., Радищевский р-он, ст. Рябина, слева от Ульяновска",DIESEL,82.5,2025-12-07 22:31:15.080881
Ульяновск,ООО Л-Нефтепродукт,"Ульяновская обл., г.Ульяновск, Московское шоссе, 93",DIESEL,73.99,2025-12-07 22:31:15.080881
Ульяновск,ООО Л-Нефтепродукт,"Ульяновская обл., г.Ульяновск, Московское шоссе, 93",AI92,61.89,2025-12-07 22:31:15.080881
Ульяновск,ООО Л-Нефтепродукт,"Ульяновская обл., г.Ульяновск, Московское шоссе, 93",AI95,66.54,2025-12-07 22:31:15.080881
Ульяновский район,ООО ТАИФ-НК АЗС,"Р241, 220 км, Ульяновская область, р.п.Ишеевка, АЗС № 322",DIESEL,69.5,2025-12-07 22:31:15.080881
Ульяновский район,ООО ТАИФ-НК АЗС,"Р241, 220 км, Ульяновская область, р.п.Ишеевка, АЗС № 322",AI92,59.24,2025-12-07 22:31:15.080881
Ульяновский район,ООО ТАИФ-НК АЗС,"Р241, 220 км, Ульяновская область, р.п.Ишеевка, АЗС № 322",AI95,63.14,2025-12-07 22:31:15.080881
Ульяновск,"ООО ""РН-Карт""","Димитровградское ш., 10, Ульяновск, Ульяновская обл., Россия, 432031",AI92,59.14,2025-12-07 22:31:15.080881
Ульяновск,"ООО ""РН-Карт""","Димитровградское ш., 10, Ульяновск, Ульяновская обл., Россия, 432031",AI95,66.39,2025-12-07 22:31:15.080881
Ульяновск,"ООО ""РН-Карт""","Димитровградское ш., 10, Ульяновск, Ульяновская обл., Россия, 432031",DIESEL,71.03,2025-12-07 22:31:15.080881
Димитровград,ООО Л-Нефтепродукт,"Ульяновкая область, г. Димитровград, ул. Куйбышева, д. 4а",AI92,61.89,2025-12-07 22:31:15.080881
Димитровград,ООО Л-Нефтепродукт,"Ульяновкая область, г. Димитровград, ул. Куйбышева, д. 4а",AI95,66.54,2025-12-07 22:31:15.080881
Димитровград,ООО Л-Нефтепродукт,"Ульяновкая область, г. Димитровград, ул. Куйбышева, д. 4а",DIESEL,70.61,2025-12-07 22:31:15.080881
Димитровград,ООО Л-Нефтепродукт,"Ульяновкая область, г. Димитровград, ул. Куйбышева, д. 4а",GAS,28.19,2025-12-07 22:31:15.080881
Городской округ Ульяновск,"ООО ""РН-Карт""","пр. Нариманова, 122, Ульяновск, Ульяновская обл., Россия, 432000",AI92,59.14,2025-12-07 22:31:15.080881
Городской округ Ульяновск,"ООО ""РН-Карт""","пр. Нариманова, 122, Ульяновск, Ульяновская обл., Россия, 432000",AI95,66.39,2025-12-07 22:31:15.080881
Городской округ Ульяновск,"ООО ""РН-Карт""","пр. Нариманова, 122, Ульяновск, Ульяновская обл., Россия, 432000",DIESEL,71.03,2025-12-07 22:31:15.080881
Мирный,"ООО ""ЛУКОЙЛ-Интер-Кард""","Димитровградская ул., 2, п. Мирный, Мирновское сельское поселение, Чердаклинский р-н, Ульяновская обл.",AI92,61.89,2025-12-07 22:31:15.080881
Мирный,"ООО ""ЛУКОЙЛ-Интер-Кард""","Димитровградская ул., 2, п. Мирный, Мирновское сельское поселение, Чердаклинский р-н, Ульяновская обл.",AI95,66.54,2025-12-07 22:31:15.080881
Мирный,"ООО ""ЛУКОЙЛ-Интер-Кард""","Димитровградская ул., 2, п. Мирный, Мирновское сельское поселение, Чердаклинский р-н, Ульяновская обл.",DIESEL,70.61,2025-12-07 22:31:15.080881
Мирный,"ООО ""ЛУКОЙЛ-Интер-Кард""","Димитровградская ул., 2, п. Мирный, Мирновское сельское поселение, Чердаклинский р-н, Ульяновская обл.",GAS,28.19,2025-12-07 22:31:15.080881
